method_id,customer_id,method_type,card_scheme,card_type,bank,card_expiry_date
1,1,Direct debit,,,Other,
2,2,Card,Mastercard,Credit,Westpac,2028-04-01
3,3,Direct debit,,,NAB,
4,4,Card,Amex,Credit,Westpac,2026-09-01
5,5,Card,Visa,Debit,ANZ,2028-07-01
6,6,Card,Visa,Credit,ANZ,2025-11-01
7,7,Direct debit,,,ANZ,
8,8,Direct debit,,,Westpac,
9,9,Direct debit,,,Bendigo,
10,10,Direct debit,,,ANZ,
11,11,Direct debit,,,ANZ,
12,12,Direct debit,,,Westpac,
13,13,Direct debit,,,CBA,
14,14,Card,Visa,Debit,CBA,2027-04-01
15,15,Card,Visa,Credit,ANZ,2026-03-01
16,16,Direct debit,,,Other,
17,17,Direct debit,,,NAB,
18,18,Card,Mastercard,Debit,NAB,2028-06-01
19,19,Direct debit,,,CBA,
20,20,Direct debit,,,ANZ,
21,21,Card,Visa,Credit,NAB,2027-12-01
22,22,Direct debit,,,Bendigo,
23,23,Card,Visa,Credit,NAB,2027-09-01
24,24,Card,Mastercard,Debit,NAB,2025-08-01
25,25,Card,Visa,Credit,ANZ,2027-02-01
26,26,Card,Visa,Debit,Other,2027-09-01
27,27,Card,Mastercard,Credit,NAB,2027-11-01
28,28,Card,Visa,Debit,NAB,2027-04-01
29,29,Direct debit,,,ANZ,
30,30,Direct debit,,,ANZ,
31,31,Direct debit,,,CBA,
32,32,Direct debit,,,Westpac,
33,33,Card,Amex,Debit,ANZ,2028-09-01
34,34,Direct debit,,,Westpac,
35,35,Direct debit,,,CBA,
36,36,Card,Visa,Credit,CBA,2025-05-01
37,37,Card,Visa,Debit,NAB,2025-09-01
38,38,Direct debit,,,Westpac,
39,39,Card,Mastercard,Debit,NAB,2025-12-01
40,40,Direct debit,,,Bendigo,
41,41,Card,Mastercard,Debit,ANZ,2028-09-01
42,42,Card,Mastercard,Credit,ANZ,2025-09-01
43,43,Direct debit,,,NAB,
44,44,Direct debit,,,ANZ,
45,45,Card,Mastercard,Credit,ANZ,2028-09-01
46,46,Direct debit,,,NAB,
47,47,Card,Mastercard,Credit,ANZ,2027-01-01
48,48,Card,Mastercard,Credit,CBA,2026-12-01
49,49,Card,Mastercard,Credit,Other,2025-09-01
50,50,Direct debit,,,Westpac,
51,51,Direct debit,,,ANZ,
52,52,Card,Visa,Debit,Bendigo,2028-02-01
53,53,Card,Visa,Credit,Westpac,2027-01-01
54,54,Direct debit,,,CBA,
55,55,Direct debit,,,ANZ,
56,56,Direct debit,,,NAB,
57,57,Direct debit,,,ANZ,
58,58,Direct debit,,,Other,
59,59,Card,Mastercard,Credit,NAB,2025-05-01
60,60,Card,Amex,Credit,Bendigo,2027-03-01
61,61,Direct debit,,,NAB,
62,62,Card,Mastercard,Credit,Westpac,2026-03-01
63,63,Direct debit,,,NAB,
64,64,Card,Mastercard,Debit,Westpac,2025-10-01
65,65,Direct debit,,,Westpac,
66,66,Direct debit,,,Westpac,
67,67,Card,Visa,Debit,Westpac,2025-08-01
68,68,Card,Visa,Debit,NAB,2027-09-01
69,69,Card,Visa,Debit,Westpac,2025-05-01
70,70,Card,Mastercard,Debit,NAB,2026-07-01
71,71,Direct debit,,,ANZ,
72,72,Direct debit,,,CBA,
73,73,Direct debit,,,ANZ,
74,74,Direct debit,,,ANZ,
75,75,Direct debit,,,Westpac,
76,76,Direct debit,,,CBA,
77,77,Card,Mastercard,Credit,NAB,2028-09-01
78,78,Direct debit,,,CBA,
79,79,Card,Visa,Debit,Westpac,2025-07-01
80,80,Direct debit,,,Westpac,
81,81,Direct debit,,,Bendigo,
82,82,Direct debit,,,CBA,
83,83,Direct debit,,,CBA,
84,84,Direct debit,,,ANZ,
85,85,Direct debit,,,Bendigo,
86,86,Direct debit,,,Other,
87,87,Direct debit,,,Other,
88,88,Direct debit,,,Other,
89,89,Direct debit,,,Westpac,
90,90,Card,Visa,Credit,Other,2027-08-01
91,91,Card,Visa,Debit,Bendigo,2027-09-01
92,92,Direct debit,,,CBA,
93,93,Card,Mastercard,Debit,Bendigo,2025-08-01
94,94,Direct debit,,,NAB,
95,95,Direct debit,,,ANZ,
96,96,Card,Mastercard,Credit,ANZ,2025-06-01
97,97,Direct debit,,,CBA,
98,98,Card,Visa,Credit,Other,2028-06-01
99,99,Direct debit,,,CBA,
100,100,Direct debit,,,Westpac,
101,101,Card,Visa,Debit,Bendigo,2027-02-01
102,102,Direct debit,,,Westpac,
103,103,Direct debit,,,ANZ,
104,104,Direct debit,,,ANZ,
105,105,Card,Amex,Credit,ANZ,2028-06-01
106,106,Direct debit,,,Westpac,
107,107,Direct debit,,,Other,
108,108,Direct debit,,,CBA,
109,109,Direct debit,,,Westpac,
110,110,Direct debit,,,Westpac,
111,111,Direct debit,,,CBA,
112,112,Card,Mastercard,Credit,CBA,2026-05-01
113,113,Direct debit,,,Other,
114,114,Card,Mastercard,Debit,CBA,2025-04-01
115,115,Direct debit,,,CBA,
116,116,Card,Mastercard,Debit,Westpac,2027-09-01
117,117,Card,Visa,Credit,CBA,2026-12-01
118,118,Card,Mastercard,Debit,CBA,2025-05-01
119,119,Direct debit,,,ANZ,
120,120,Card,Visa,Credit,Westpac,2028-02-01
121,121,Card,Visa,Credit,Bendigo,2025-07-01
122,122,Card,Visa,Credit,NAB,2027-10-01
123,123,Direct debit,,,NAB,
124,124,Direct debit,,,Westpac,
125,125,Card,Mastercard,Credit,Westpac,2027-03-01
126,126,Direct debit,,,ANZ,
127,127,Direct debit,,,Westpac,
128,128,Card,Mastercard,Debit,Bendigo,2027-06-01
129,129,Card,Visa,Debit,CBA,2027-09-01
130,130,Direct debit,,,Westpac,
131,131,Direct debit,,,CBA,
132,132,Card,Visa,Debit,ANZ,2028-08-01
133,133,Card,Mastercard,Credit,Westpac,2028-01-01
134,134,Direct debit,,,Westpac,
135,135,Direct debit,,,Bendigo,
136,136,Card,Amex,Credit,ANZ,2028-01-01
137,137,Card,Mastercard,Debit,NAB,2025-05-01
138,138,Card,Amex,Credit,CBA,2027-09-01
139,139,Direct debit,,,ANZ,
140,140,Direct debit,,,Bendigo,
141,141,Direct debit,,,CBA,
142,142,Card,Mastercard,Credit,Westpac,2028-04-01
143,143,Direct debit,,,Westpac,
144,144,Direct debit,,,Bendigo,
145,145,Card,Visa,Credit,NAB,2026-10-01
146,146,Direct debit,,,ANZ,
147,147,Direct debit,,,CBA,
148,148,Card,Mastercard,Credit,Westpac,2027-09-01
149,149,Card,Visa,Debit,NAB,2028-02-01
150,150,Direct debit,,,ANZ,
151,151,Direct debit,,,Westpac,
152,152,Direct debit,,,Westpac,
153,153,Card,Mastercard,Credit,CBA,2026-03-01
154,154,Direct debit,,,Bendigo,
155,155,Direct debit,,,NAB,
156,156,Direct debit,,,CBA,
157,157,Card,Mastercard,Credit,CBA,2027-10-01
158,158,Card,Mastercard,Credit,NAB,2028-09-01
159,159,Direct debit,,,Westpac,
160,160,Direct debit,,,CBA,
161,161,Direct debit,,,Westpac,
162,162,Direct debit,,,Bendigo,
163,163,Direct debit,,,CBA,
164,164,Card,Mastercard,Credit,NAB,2026-09-01
165,165,Card,Mastercard,Debit,NAB,2028-09-01
166,166,Card,Mastercard,Credit,Bendigo,2027-06-01
167,167,Card,Visa,Credit,NAB,2028-06-01
168,168,Card,Amex,Debit,CBA,2027-06-01
169,169,Card,Visa,Credit,CBA,2026-03-01
170,170,Direct debit,,,Other,
171,171,Card,Mastercard,Credit,CBA,2026-06-01
172,172,Card,Visa,Debit,NAB,2028-10-01
173,173,Direct debit,,,NAB,
174,174,Direct debit,,,ANZ,
175,175,Card,Amex,Debit,CBA,2027-10-01
176,176,Direct debit,,,CBA,
177,177,Card,Mastercard,Debit,CBA,2027-01-01
178,178,Card,Amex,Credit,CBA,2026-05-01
179,179,Card,Visa,Credit,ANZ,2027-09-01
180,180,Card,Mastercard,Debit,Westpac,2026-05-01
181,181,Direct debit,,,ANZ,
182,182,Direct debit,,,NAB,
183,183,Direct debit,,,Westpac,
184,184,Card,Mastercard,Credit,Other,2026-03-01
185,185,Direct debit,,,ANZ,
186,186,Direct debit,,,CBA,
187,187,Card,Amex,Debit,NAB,2027-10-01
188,188,Card,Amex,Credit,NAB,2026-12-01
189,189,Direct debit,,,CBA,
190,190,Direct debit,,,NAB,
191,191,Card,Mastercard,Credit,CBA,2025-06-01
192,192,Direct debit,,,Westpac,
193,193,Direct debit,,,NAB,
194,194,Direct debit,,,NAB,
195,195,Card,Mastercard,Debit,ANZ,2027-03-01
196,196,Card,Visa,Debit,Bendigo,2025-09-01
197,197,Direct debit,,,NAB,
198,198,Direct debit,,,Westpac,
199,199,Card,Amex,Debit,Bendigo,2027-08-01
200,200,Card,Visa,Debit,ANZ,2028-09-01
