policy_id,customer_id,product,billing_frequency,premium_amount,start_date
1,1,Motor,Annual,913.0,2026-02-16
2,2,Motor,Monthly,137.69,2021-06-11
3,3,Motor,Monthly,91.18,2023-08-03
4,4,Motor,Monthly,156.45,2026-07-30
5,5,Health,Monthly,220.18,2025-12-24
6,6,Motor,Annual,1980.55,2023-02-02
7,7,Home,Monthly,155.78,2021-09-01
8,8,Health,Monthly,135.2,2025-09-13
9,9,Motor,Monthly,100.22,2024-02-29
10,10,Health,Monthly,257.69,2024-12-11
11,11,Home,Monthly,100.21,2020-08-21
12,12,Health,Monthly,169.79,2023-09-02
13,13,Home,Annual,945.45,2020-02-14
14,14,Home,Monthly,139.92,2026-07-05
15,15,Home,Monthly,182.14,2025-01-01
16,16,Home,Monthly,115.9,2020-12-28
17,17,Health,Monthly,136.73,2022-05-16
18,18,Motor,Monthly,87.5,2025-08-29
19,19,Home,Monthly,194.28,2025-03-20
20,20,Motor,Monthly,92.41,2023-04-06
21,21,Health,Monthly,109.9,2025-04-04
22,22,Health,Annual,1311.31,2026-02-14
23,23,Health,Monthly,173.4,2020-03-13
24,24,Home,Monthly,152.04,2020-11-24
25,25,Health,Annual,3328.16,2025-08-10
26,26,Motor,Monthly,139.13,2020-04-17
27,27,Home,Annual,2214.63,2019-12-19
28,28,Motor,Annual,1064.03,2019-11-06
29,29,Home,Monthly,89.6,2019-12-22
30,30,Home,Monthly,125.6,2026-04-03
31,31,Motor,Monthly,100.46,2024-04-26
32,32,Motor,Annual,2083.07,2026-01-16
33,33,Home,Monthly,165.47,2026-04-13
34,34,Home,Monthly,182.12,2023-02-27
35,35,Motor,Monthly,114.17,2020-11-07
36,36,Motor,Annual,1995.84,2024-03-22
37,37,Motor,Monthly,65.52,2022-03-15
38,38,Home,Annual,1225.84,2024-11-27
39,39,Motor,Monthly,156.85,2020-02-11
40,40,Home,Monthly,114.06,2024-05-03
41,41,Motor,Monthly,168.07,2026-05-20
42,42,Home,Monthly,166.17,2019-11-30
43,43,Health,Monthly,124.62,2026-03-21
44,44,Health,Monthly,114.55,2025-02-25
45,45,Motor,Annual,1558.37,2025-12-11
46,46,Home,Monthly,140.66,2020-02-06
47,47,Home,Monthly,84.6,2024-10-26
48,48,Motor,Annual,1268.85,2022-02-07
49,49,Motor,Monthly,79.94,2024-04-28
50,50,Health,Monthly,299.9,2022-06-07
51,51,Motor,Monthly,149.8,2026-05-08
52,52,Health,Monthly,178.17,2024-03-08
53,53,Home,Monthly,154.68,2024-07-15
54,54,Motor,Annual,951.28,2022-05-24
55,55,Motor,Monthly,79.29,2024-10-20
56,56,Motor,Annual,2082.52,2025-12-19
57,57,Motor,Monthly,86.65,2024-03-21
58,58,Home,Monthly,105.79,2022-02-24
59,59,Health,Monthly,236.69,2026-06-16
60,60,Health,Monthly,216.9,2020-08-18
61,61,Home,Annual,2026.42,2025-04-24
62,62,Motor,Monthly,100.36,2021-08-01
63,63,Motor,Annual,1686.74,2021-03-02
64,64,Health,Annual,2895.75,2021-03-22
65,65,Home,Monthly,161.15,2025-04-08
66,66,Motor,Monthly,129.72,2023-08-25
67,67,Motor,Monthly,153.66,2025-04-13
68,68,Motor,Annual,816.86,2020-11-05
69,69,Health,Monthly,265.91,2025-08-04
70,70,Motor,Monthly,157.85,2023-01-16
71,71,Health,Annual,3077.58,2022-04-12
72,72,Motor,Monthly,116.56,2021-07-02
73,73,Motor,Annual,1575.75,2020-02-09
74,74,Motor,Monthly,130.89,2022-05-15
75,75,Motor,Annual,1035.87,2025-04-03
76,76,Health,Monthly,280.48,2020-08-13
77,77,Health,Annual,2006.51,2026-07-22
78,78,Motor,Monthly,132.63,2026-05-30
79,79,Motor,Monthly,128.46,2023-12-03
80,80,Home,Monthly,172.53,2025-01-04
81,81,Motor,Annual,1466.41,2023-07-17
82,82,Home,Monthly,103.85,2025-11-29
83,83,Health,Monthly,290.91,2024-04-21
84,84,Motor,Monthly,121.33,2026-07-18
85,85,Health,Monthly,256.93,2026-06-12
86,86,Home,Monthly,136.94,2025-05-18
87,87,Home,Monthly,117.24,2023-06-03
88,88,Motor,Monthly,93.82,2024-02-29
89,89,Motor,Monthly,181.63,2025-10-17
90,90,Motor,Monthly,173.86,2022-11-30
91,91,Health,Annual,2993.76,2025-06-28
92,92,Home,Monthly,170.32,2021-11-22
93,93,Home,Monthly,179.5,2024-10-21
94,94,Health,Monthly,158.2,2026-02-21
95,95,Motor,Monthly,145.59,2025-02-05
96,96,Health,Monthly,174.95,2023-11-30
97,97,Home,Monthly,149.08,2026-01-17
98,98,Motor,Monthly,93.51,2026-07-18
99,99,Motor,Monthly,71.98,2024-04-26
100,100,Home,Annual,1027.84,2021-11-26
101,101,Health,Annual,1915.54,2021-02-18
102,102,Motor,Annual,1553.31,2025-06-13
103,103,Motor,Monthly,156.3,2020-03-01
104,104,Motor,Monthly,71.01,2023-09-24
105,105,Home,Monthly,238.37,2021-03-11
106,106,Home,Monthly,191.73,2025-10-22
107,107,Motor,Monthly,178.13,2021-09-11
108,108,Health,Monthly,294.02,2021-01-02
109,109,Motor,Annual,1214.51,2021-12-29
110,110,Home,Monthly,229.9,2020-03-03
111,111,Motor,Monthly,65.06,2023-09-25
112,112,Motor,Monthly,105.1,2021-10-15
113,113,Health,Monthly,147.56,2020-04-11
114,114,Health,Monthly,123.85,2025-01-01
115,115,Motor,Monthly,188.13,2025-04-11
116,116,Home,Monthly,235.24,2023-04-27
117,117,Motor,Monthly,69.36,2026-01-20
118,118,Health,Monthly,100.75,2020-08-30
119,119,Motor,Monthly,72.11,2026-04-05
120,120,Motor,Monthly,81.3,2021-09-24
121,121,Motor,Monthly,142.48,2024-04-25
122,122,Home,Monthly,214.01,2023-04-24
123,123,Health,Monthly,143.98,2020-04-14
124,124,Health,Annual,2526.26,2021-02-20
125,125,Motor,Monthly,108.79,2020-01-04
126,126,Home,Monthly,131.57,2024-11-28
127,127,Home,Monthly,114.24,2026-02-13
128,128,Home,Annual,1540.11,2026-07-20
129,129,Home,Monthly,130.53,2026-05-17
130,130,Motor,Monthly,165.13,2026-02-17
131,131,Health,Monthly,102.36,2020-07-30
132,132,Motor,Annual,790.02,2023-09-28
133,133,Motor,Annual,1014.75,2026-02-28
134,134,Home,Annual,2377.65,2024-11-12
135,135,Motor,Monthly,89.29,2022-06-16
136,136,Motor,Monthly,104.78,2023-12-09
137,137,Health,Monthly,113.76,2023-09-04
138,138,Health,Monthly,168.44,2024-04-16
139,139,Home,Monthly,179.97,2022-03-20
140,140,Motor,Monthly,99.37,2026-04-27
141,141,Home,Annual,2373.91,2021-10-06
142,142,Health,Monthly,213.52,2021-09-08
143,143,Motor,Annual,1186.35,2021-07-28
144,144,Health,Annual,3295.6,2023-03-09
145,145,Home,Monthly,198.18,2021-05-16
146,146,Motor,Monthly,178.51,2024-11-15
147,147,Motor,Annual,1445.95,2025-01-28
148,148,Motor,Monthly,111.94,2026-02-22
149,149,Home,Monthly,91.35,2020-04-29
150,150,Health,Monthly,269.32,2020-01-03
151,151,Home,Annual,1452.44,2020-02-29
152,152,Motor,Annual,1923.9,2022-08-15
153,153,Health,Monthly,104.02,2026-02-16
154,154,Health,Monthly,118.79,2021-11-07
155,155,Home,Monthly,204.97,2022-04-28
156,156,Home,Monthly,119.6,2020-02-21
157,157,Home,Monthly,137.99,2025-10-29
158,158,Health,Monthly,167.51,2020-01-26
159,159,Motor,Monthly,89.61,2019-12-11
160,160,Home,Monthly,225.68,2025-05-19
161,161,Home,Monthly,178.08,2026-06-07
162,162,Motor,Monthly,96.52,2024-03-29
163,163,Motor,Monthly,189.21,2025-10-06
164,164,Motor,Monthly,102.08,2026-07-21
165,165,Motor,Monthly,167.79,2024-04-14
166,166,Home,Monthly,87.44,2025-06-10
167,167,Home,Monthly,235.68,2026-01-18
168,168,Home,Monthly,147.82,2020-07-19
169,169,Home,Monthly,95.14,2025-10-31
170,170,Home,Monthly,186.39,2021-03-22
171,171,Motor,Monthly,89.19,2023-12-26
172,172,Home,Monthly,168.47,2025-08-30
173,173,Motor,Monthly,149.24,2024-11-26
174,174,Home,Annual,955.02,2024-11-04
175,175,Home,Monthly,167.34,2026-01-13
176,176,Motor,Monthly,131.31,2020-01-18
177,177,Home,Monthly,143.83,2020-03-31
178,178,Health,Monthly,164.89,2025-04-27
179,179,Home,Annual,2246.42,2025-10-22
180,180,Motor,Monthly,118.61,2025-02-28
181,181,Motor,Monthly,137.01,2026-04-01
182,182,Health,Annual,2913.13,2025-01-24
183,183,Motor,Monthly,69.17,2021-10-16
184,184,Motor,Annual,1278.09,2025-04-11
185,185,Health,Annual,1250.7,2023-04-03
186,186,Health,Monthly,135.22,2021-03-30
187,187,Home,Monthly,141.27,2023-05-12
188,188,Motor,Monthly,78.01,2023-01-21
189,189,Motor,Monthly,84.77,2022-06-17
190,190,Home,Monthly,205.35,2025-05-17
191,191,Home,Monthly,142.26,2025-11-17
192,192,Motor,Monthly,96.13,2023-09-26
193,193,Home,Monthly,110.75,2021-12-18
194,194,Motor,Monthly,76.3,2022-08-31
195,195,Motor,Annual,1043.46,2022-01-09
196,196,Home,Monthly,84.9,2021-03-15
197,197,Motor,Annual,1086.14,2019-10-28
198,198,Motor,Monthly,142.68,2026-02-17
199,199,Motor,Monthly,155.64,2022-03-16
200,200,Home,Annual,2440.13,2020-06-09
