date_id,year,quarter,month_number,month_name,year_month,day_of_month,day_name,is_weekend,is_payday,days_since_payday,is_payday_window
2024-10-01,2024,Q4,10,October,2024-10,1,Tuesday,False,True,0,True
2024-10-02,2024,Q4,10,October,2024-10,2,Wednesday,False,False,1,True
2024-10-03,2024,Q4,10,October,2024-10,3,Thursday,False,False,2,True
2024-10-04,2024,Q4,10,October,2024-10,4,Friday,False,False,3,False
2024-10-05,2024,Q4,10,October,2024-10,5,Saturday,True,False,4,False
2024-10-06,2024,Q4,10,October,2024-10,6,Sunday,True,False,5,False
2024-10-07,2024,Q4,10,October,2024-10,7,Monday,False,False,6,False
2024-10-08,2024,Q4,10,October,2024-10,8,Tuesday,False,False,7,False
2024-10-09,2024,Q4,10,October,2024-10,9,Wednesday,False,False,8,False
2024-10-10,2024,Q4,10,October,2024-10,10,Thursday,False,False,9,False
2024-10-11,2024,Q4,10,October,2024-10,11,Friday,False,False,10,False
2024-10-12,2024,Q4,10,October,2024-10,12,Saturday,True,False,11,False
2024-10-13,2024,Q4,10,October,2024-10,13,Sunday,True,False,12,False
2024-10-14,2024,Q4,10,October,2024-10,14,Monday,False,False,13,False
2024-10-15,2024,Q4,10,October,2024-10,15,Tuesday,False,True,0,True
2024-10-16,2024,Q4,10,October,2024-10,16,Wednesday,False,False,1,True
2024-10-17,2024,Q4,10,October,2024-10,17,Thursday,False,False,2,True
2024-10-18,2024,Q4,10,October,2024-10,18,Friday,False,False,3,False
2024-10-19,2024,Q4,10,October,2024-10,19,Saturday,True,False,4,False
2024-10-20,2024,Q4,10,October,2024-10,20,Sunday,True,False,5,False
2024-10-21,2024,Q4,10,October,2024-10,21,Monday,False,False,6,False
2024-10-22,2024,Q4,10,October,2024-10,22,Tuesday,False,False,7,False
2024-10-23,2024,Q4,10,October,2024-10,23,Wednesday,False,False,8,False
2024-10-24,2024,Q4,10,October,2024-10,24,Thursday,False,False,9,False
2024-10-25,2024,Q4,10,October,2024-10,25,Friday,False,False,10,False
2024-10-26,2024,Q4,10,October,2024-10,26,Saturday,True,False,11,False
2024-10-27,2024,Q4,10,October,2024-10,27,Sunday,True,False,12,False
2024-10-28,2024,Q4,10,October,2024-10,28,Monday,False,False,13,False
2024-10-29,2024,Q4,10,October,2024-10,29,Tuesday,False,False,14,False
2024-10-30,2024,Q4,10,October,2024-10,30,Wednesday,False,False,15,False
2024-10-31,2024,Q4,10,October,2024-10,31,Thursday,False,False,16,False
2024-11-01,2024,Q4,11,November,2024-11,1,Friday,False,True,0,True
2024-11-02,2024,Q4,11,November,2024-11,2,Saturday,True,False,1,True
2024-11-03,2024,Q4,11,November,2024-11,3,Sunday,True,False,2,True
2024-11-04,2024,Q4,11,November,2024-11,4,Monday,False,False,3,False
2024-11-05,2024,Q4,11,November,2024-11,5,Tuesday,False,False,4,False
2024-11-06,2024,Q4,11,November,2024-11,6,Wednesday,False,False,5,False
2024-11-07,2024,Q4,11,November,2024-11,7,Thursday,False,False,6,False
2024-11-08,2024,Q4,11,November,2024-11,8,Friday,False,False,7,False
2024-11-09,2024,Q4,11,November,2024-11,9,Saturday,True,False,8,False
2024-11-10,2024,Q4,11,November,2024-11,10,Sunday,True,False,9,False
2024-11-11,2024,Q4,11,November,2024-11,11,Monday,False,False,10,False
2024-11-12,2024,Q4,11,November,2024-11,12,Tuesday,False,False,11,False
2024-11-13,2024,Q4,11,November,2024-11,13,Wednesday,False,False,12,False
2024-11-14,2024,Q4,11,November,2024-11,14,Thursday,False,False,13,False
2024-11-15,2024,Q4,11,November,2024-11,15,Friday,False,True,0,True
2024-11-16,2024,Q4,11,November,2024-11,16,Saturday,True,False,1,True
2024-11-17,2024,Q4,11,November,2024-11,17,Sunday,True,False,2,True
2024-11-18,2024,Q4,11,November,2024-11,18,Monday,False,False,3,False
2024-11-19,2024,Q4,11,November,2024-11,19,Tuesday,False,False,4,False
2024-11-20,2024,Q4,11,November,2024-11,20,Wednesday,False,False,5,False
2024-11-21,2024,Q4,11,November,2024-11,21,Thursday,False,False,6,False
2024-11-22,2024,Q4,11,November,2024-11,22,Friday,False,False,7,False
2024-11-23,2024,Q4,11,November,2024-11,23,Saturday,True,False,8,False
2024-11-24,2024,Q4,11,November,2024-11,24,Sunday,True,False,9,False
2024-11-25,2024,Q4,11,November,2024-11,25,Monday,False,False,10,False
2024-11-26,2024,Q4,11,November,2024-11,26,Tuesday,False,False,11,False
2024-11-27,2024,Q4,11,November,2024-11,27,Wednesday,False,False,12,False
2024-11-28,2024,Q4,11,November,2024-11,28,Thursday,False,False,13,False
2024-11-29,2024,Q4,11,November,2024-11,29,Friday,False,False,14,False
2024-11-30,2024,Q4,11,November,2024-11,30,Saturday,True,False,15,False
2024-12-01,2024,Q4,12,December,2024-12,1,Sunday,True,True,0,True
2024-12-02,2024,Q4,12,December,2024-12,2,Monday,False,False,1,True
2024-12-03,2024,Q4,12,December,2024-12,3,Tuesday,False,False,2,True
2024-12-04,2024,Q4,12,December,2024-12,4,Wednesday,False,False,3,False
2024-12-05,2024,Q4,12,December,2024-12,5,Thursday,False,False,4,False
2024-12-06,2024,Q4,12,December,2024-12,6,Friday,False,False,5,False
2024-12-07,2024,Q4,12,December,2024-12,7,Saturday,True,False,6,False
2024-12-08,2024,Q4,12,December,2024-12,8,Sunday,True,False,7,False
2024-12-09,2024,Q4,12,December,2024-12,9,Monday,False,False,8,False
2024-12-10,2024,Q4,12,December,2024-12,10,Tuesday,False,False,9,False
2024-12-11,2024,Q4,12,December,2024-12,11,Wednesday,False,False,10,False
2024-12-12,2024,Q4,12,December,2024-12,12,Thursday,False,False,11,False
2024-12-13,2024,Q4,12,December,2024-12,13,Friday,False,False,12,False
2024-12-14,2024,Q4,12,December,2024-12,14,Saturday,True,False,13,False
2024-12-15,2024,Q4,12,December,2024-12,15,Sunday,True,True,0,True
2024-12-16,2024,Q4,12,December,2024-12,16,Monday,False,False,1,True
2024-12-17,2024,Q4,12,December,2024-12,17,Tuesday,False,False,2,True
2024-12-18,2024,Q4,12,December,2024-12,18,Wednesday,False,False,3,False
2024-12-19,2024,Q4,12,December,2024-12,19,Thursday,False,False,4,False
2024-12-20,2024,Q4,12,December,2024-12,20,Friday,False,False,5,False
2024-12-21,2024,Q4,12,December,2024-12,21,Saturday,True,False,6,False
2024-12-22,2024,Q4,12,December,2024-12,22,Sunday,True,False,7,False
2024-12-23,2024,Q4,12,December,2024-12,23,Monday,False,False,8,False
2024-12-24,2024,Q4,12,December,2024-12,24,Tuesday,False,False,9,False
2024-12-25,2024,Q4,12,December,2024-12,25,Wednesday,False,False,10,False
2024-12-26,2024,Q4,12,December,2024-12,26,Thursday,False,False,11,False
2024-12-27,2024,Q4,12,December,2024-12,27,Friday,False,False,12,False
2024-12-28,2024,Q4,12,December,2024-12,28,Saturday,True,False,13,False
2024-12-29,2024,Q4,12,December,2024-12,29,Sunday,True,False,14,False
2024-12-30,2024,Q4,12,December,2024-12,30,Monday,False,False,15,False
2024-12-31,2024,Q4,12,December,2024-12,31,Tuesday,False,False,16,False
2025-01-01,2025,Q1,1,January,2025-01,1,Wednesday,False,True,0,True
2025-01-02,2025,Q1,1,January,2025-01,2,Thursday,False,False,1,True
2025-01-03,2025,Q1,1,January,2025-01,3,Friday,False,False,2,True
2025-01-04,2025,Q1,1,January,2025-01,4,Saturday,True,False,3,False
2025-01-05,2025,Q1,1,January,2025-01,5,Sunday,True,False,4,False
2025-01-06,2025,Q1,1,January,2025-01,6,Monday,False,False,5,False
2025-01-07,2025,Q1,1,January,2025-01,7,Tuesday,False,False,6,False
2025-01-08,2025,Q1,1,January,2025-01,8,Wednesday,False,False,7,False
2025-01-09,2025,Q1,1,January,2025-01,9,Thursday,False,False,8,False
2025-01-10,2025,Q1,1,January,2025-01,10,Friday,False,False,9,False
2025-01-11,2025,Q1,1,January,2025-01,11,Saturday,True,False,10,False
2025-01-12,2025,Q1,1,January,2025-01,12,Sunday,True,False,11,False
2025-01-13,2025,Q1,1,January,2025-01,13,Monday,False,False,12,False
2025-01-14,2025,Q1,1,January,2025-01,14,Tuesday,False,False,13,False
2025-01-15,2025,Q1,1,January,2025-01,15,Wednesday,False,True,0,True
2025-01-16,2025,Q1,1,January,2025-01,16,Thursday,False,False,1,True
2025-01-17,2025,Q1,1,January,2025-01,17,Friday,False,False,2,True
2025-01-18,2025,Q1,1,January,2025-01,18,Saturday,True,False,3,False
2025-01-19,2025,Q1,1,January,2025-01,19,Sunday,True,False,4,False
2025-01-20,2025,Q1,1,January,2025-01,20,Monday,False,False,5,False
2025-01-21,2025,Q1,1,January,2025-01,21,Tuesday,False,False,6,False
2025-01-22,2025,Q1,1,January,2025-01,22,Wednesday,False,False,7,False
2025-01-23,2025,Q1,1,January,2025-01,23,Thursday,False,False,8,False
2025-01-24,2025,Q1,1,January,2025-01,24,Friday,False,False,9,False
2025-01-25,2025,Q1,1,January,2025-01,25,Saturday,True,False,10,False
2025-01-26,2025,Q1,1,January,2025-01,26,Sunday,True,False,11,False
2025-01-27,2025,Q1,1,January,2025-01,27,Monday,False,False,12,False
2025-01-28,2025,Q1,1,January,2025-01,28,Tuesday,False,False,13,False
2025-01-29,2025,Q1,1,January,2025-01,29,Wednesday,False,False,14,False
2025-01-30,2025,Q1,1,January,2025-01,30,Thursday,False,False,15,False
2025-01-31,2025,Q1,1,January,2025-01,31,Friday,False,False,16,False
2025-02-01,2025,Q1,2,February,2025-02,1,Saturday,True,True,0,True
2025-02-02,2025,Q1,2,February,2025-02,2,Sunday,True,False,1,True
2025-02-03,2025,Q1,2,February,2025-02,3,Monday,False,False,2,True
2025-02-04,2025,Q1,2,February,2025-02,4,Tuesday,False,False,3,False
2025-02-05,2025,Q1,2,February,2025-02,5,Wednesday,False,False,4,False
2025-02-06,2025,Q1,2,February,2025-02,6,Thursday,False,False,5,False
2025-02-07,2025,Q1,2,February,2025-02,7,Friday,False,False,6,False
2025-02-08,2025,Q1,2,February,2025-02,8,Saturday,True,False,7,False
2025-02-09,2025,Q1,2,February,2025-02,9,Sunday,True,False,8,False
2025-02-10,2025,Q1,2,February,2025-02,10,Monday,False,False,9,False
2025-02-11,2025,Q1,2,February,2025-02,11,Tuesday,False,False,10,False
2025-02-12,2025,Q1,2,February,2025-02,12,Wednesday,False,False,11,False
2025-02-13,2025,Q1,2,February,2025-02,13,Thursday,False,False,12,False
2025-02-14,2025,Q1,2,February,2025-02,14,Friday,False,False,13,False
2025-02-15,2025,Q1,2,February,2025-02,15,Saturday,True,True,0,True
2025-02-16,2025,Q1,2,February,2025-02,16,Sunday,True,False,1,True
2025-02-17,2025,Q1,2,February,2025-02,17,Monday,False,False,2,True
2025-02-18,2025,Q1,2,February,2025-02,18,Tuesday,False,False,3,False
2025-02-19,2025,Q1,2,February,2025-02,19,Wednesday,False,False,4,False
2025-02-20,2025,Q1,2,February,2025-02,20,Thursday,False,False,5,False
2025-02-21,2025,Q1,2,February,2025-02,21,Friday,False,False,6,False
2025-02-22,2025,Q1,2,February,2025-02,22,Saturday,True,False,7,False
2025-02-23,2025,Q1,2,February,2025-02,23,Sunday,True,False,8,False
2025-02-24,2025,Q1,2,February,2025-02,24,Monday,False,False,9,False
2025-02-25,2025,Q1,2,February,2025-02,25,Tuesday,False,False,10,False
2025-02-26,2025,Q1,2,February,2025-02,26,Wednesday,False,False,11,False
2025-02-27,2025,Q1,2,February,2025-02,27,Thursday,False,False,12,False
2025-02-28,2025,Q1,2,February,2025-02,28,Friday,False,False,13,False
2025-03-01,2025,Q1,3,March,2025-03,1,Saturday,True,True,0,True
2025-03-02,2025,Q1,3,March,2025-03,2,Sunday,True,False,1,True
2025-03-03,2025,Q1,3,March,2025-03,3,Monday,False,False,2,True
2025-03-04,2025,Q1,3,March,2025-03,4,Tuesday,False,False,3,False
2025-03-05,2025,Q1,3,March,2025-03,5,Wednesday,False,False,4,False
2025-03-06,2025,Q1,3,March,2025-03,6,Thursday,False,False,5,False
2025-03-07,2025,Q1,3,March,2025-03,7,Friday,False,False,6,False
2025-03-08,2025,Q1,3,March,2025-03,8,Saturday,True,False,7,False
2025-03-09,2025,Q1,3,March,2025-03,9,Sunday,True,False,8,False
2025-03-10,2025,Q1,3,March,2025-03,10,Monday,False,False,9,False
2025-03-11,2025,Q1,3,March,2025-03,11,Tuesday,False,False,10,False
2025-03-12,2025,Q1,3,March,2025-03,12,Wednesday,False,False,11,False
2025-03-13,2025,Q1,3,March,2025-03,13,Thursday,False,False,12,False
2025-03-14,2025,Q1,3,March,2025-03,14,Friday,False,False,13,False
2025-03-15,2025,Q1,3,March,2025-03,15,Saturday,True,True,0,True
2025-03-16,2025,Q1,3,March,2025-03,16,Sunday,True,False,1,True
2025-03-17,2025,Q1,3,March,2025-03,17,Monday,False,False,2,True
2025-03-18,2025,Q1,3,March,2025-03,18,Tuesday,False,False,3,False
2025-03-19,2025,Q1,3,March,2025-03,19,Wednesday,False,False,4,False
2025-03-20,2025,Q1,3,March,2025-03,20,Thursday,False,False,5,False
2025-03-21,2025,Q1,3,March,2025-03,21,Friday,False,False,6,False
2025-03-22,2025,Q1,3,March,2025-03,22,Saturday,True,False,7,False
2025-03-23,2025,Q1,3,March,2025-03,23,Sunday,True,False,8,False
2025-03-24,2025,Q1,3,March,2025-03,24,Monday,False,False,9,False
2025-03-25,2025,Q1,3,March,2025-03,25,Tuesday,False,False,10,False
2025-03-26,2025,Q1,3,March,2025-03,26,Wednesday,False,False,11,False
2025-03-27,2025,Q1,3,March,2025-03,27,Thursday,False,False,12,False
2025-03-28,2025,Q1,3,March,2025-03,28,Friday,False,False,13,False
2025-03-29,2025,Q1,3,March,2025-03,29,Saturday,True,False,14,False
2025-03-30,2025,Q1,3,March,2025-03,30,Sunday,True,False,15,False
2025-03-31,2025,Q1,3,March,2025-03,31,Monday,False,False,16,False
2025-04-01,2025,Q2,4,April,2025-04,1,Tuesday,False,True,0,True
2025-04-02,2025,Q2,4,April,2025-04,2,Wednesday,False,False,1,True
2025-04-03,2025,Q2,4,April,2025-04,3,Thursday,False,False,2,True
2025-04-04,2025,Q2,4,April,2025-04,4,Friday,False,False,3,False
2025-04-05,2025,Q2,4,April,2025-04,5,Saturday,True,False,4,False
2025-04-06,2025,Q2,4,April,2025-04,6,Sunday,True,False,5,False
2025-04-07,2025,Q2,4,April,2025-04,7,Monday,False,False,6,False
2025-04-08,2025,Q2,4,April,2025-04,8,Tuesday,False,False,7,False
2025-04-09,2025,Q2,4,April,2025-04,9,Wednesday,False,False,8,False
2025-04-10,2025,Q2,4,April,2025-04,10,Thursday,False,False,9,False
2025-04-11,2025,Q2,4,April,2025-04,11,Friday,False,False,10,False
2025-04-12,2025,Q2,4,April,2025-04,12,Saturday,True,False,11,False
2025-04-13,2025,Q2,4,April,2025-04,13,Sunday,True,False,12,False
2025-04-14,2025,Q2,4,April,2025-04,14,Monday,False,False,13,False
2025-04-15,2025,Q2,4,April,2025-04,15,Tuesday,False,True,0,True
2025-04-16,2025,Q2,4,April,2025-04,16,Wednesday,False,False,1,True
2025-04-17,2025,Q2,4,April,2025-04,17,Thursday,False,False,2,True
2025-04-18,2025,Q2,4,April,2025-04,18,Friday,False,False,3,False
