payment_id,policy_id,customer_id,method_id,date_id,amount,fee,attempt_number,payment_status,decline_id
1,1,1,1,2026-02-16,913.0,0.28,1,Success,
2,2,2,2,2024-10-11,137.69,0.28,1,Success,
3,2,2,2,2024-11-11,137.69,0.28,1,Success,
4,2,2,2,2024-12-11,137.69,0.28,1,Success,
5,2,2,2,2025-01-11,137.69,0.28,1,Success,
6,2,2,2,2025-02-11,137.69,0.28,1,Success,
7,2,2,2,2025-03-11,137.69,0.28,1,Success,
8,2,2,2,2025-04-11,137.69,0.28,1,Success,
9,2,2,2,2025-05-11,137.69,0.28,1,Success,
10,2,2,2,2025-06-11,137.69,0.28,1,Success,
11,2,2,2,2025-07-11,137.69,0.28,1,Success,
12,2,2,2,2025-08-11,137.69,0.28,1,Success,
13,2,2,2,2025-09-11,137.69,0.28,1,Success,
14,2,2,2,2025-10-11,137.69,0.28,1,Success,
15,2,2,2,2025-11-11,137.69,0.28,1,Success,
16,2,2,2,2025-12-11,137.69,0.28,1,Success,
17,2,2,2,2026-01-11,137.69,0.28,1,Success,
18,2,2,2,2026-02-11,137.69,0.28,1,Success,
19,2,2,2,2026-03-11,137.69,0.28,1,Success,
20,2,2,2,2026-04-11,137.69,0.28,1,Success,
21,2,2,2,2026-05-11,137.69,0.28,1,Success,
22,2,2,2,2026-06-11,137.69,0.28,1,Success,
23,2,2,2,2026-07-11,137.69,0.28,1,Success,
24,2,2,2,2026-08-11,137.69,0.28,1,Success,
25,2,2,2,2026-09-11,137.69,0.28,1,Success,
26,3,3,3,2024-10-03,91.18,0.28,1,Success,
27,3,3,3,2024-11-03,91.18,0.28,1,Success,
28,3,3,3,2024-12-03,91.18,0.28,1,Success,
29,3,3,3,2025-01-03,91.18,0.28,1,Success,
30,3,3,3,2025-02-03,91.18,0.28,1,Success,
31,3,3,3,2025-03-03,91.18,0.28,1,Success,
32,3,3,3,2025-04-03,91.18,2.95,1,Failed,3.0
33,3,3,3,2025-04-04,91.18,2.95,2,Failed,3.0
34,3,3,3,2025-04-05,91.18,2.95,3,Failed,3.0
35,3,3,3,2025-05-03,91.18,0.28,1,Success,
36,3,3,3,2025-06-03,91.18,0.28,1,Success,
37,3,3,3,2025-07-03,91.18,0.28,1,Success,
38,3,3,3,2025-08-03,91.18,0.28,1,Success,
39,3,3,3,2025-09-03,91.18,0.28,1,Success,
40,3,3,3,2025-10-03,91.18,0.28,1,Success,
41,3,3,3,2025-11-03,91.18,0.28,1,Success,
42,3,3,3,2025-12-03,91.18,0.28,1,Success,
43,3,3,3,2026-01-03,91.18,0.28,1,Success,
44,3,3,3,2026-02-03,91.18,0.28,1,Success,
45,3,3,3,2026-03-03,91.18,0.28,1,Success,
46,3,3,3,2026-04-03,91.18,0.28,1,Success,
47,3,3,3,2026-05-03,91.18,0.28,1,Success,
48,3,3,3,2026-06-03,91.18,0.28,1,Success,
49,3,3,3,2026-07-03,91.18,2.95,1,Failed,5.0
50,3,3,3,2026-07-04,91.18,2.95,2,Failed,5.0
51,3,3,3,2026-07-05,91.18,2.95,3,Failed,5.0
52,3,3,3,2026-08-03,91.18,0.28,1,Success,
53,3,3,3,2026-09-03,91.18,0.28,1,Success,
54,4,4,4,2026-07-30,156.45,0.28,1,Success,
55,4,4,4,2026-08-30,156.45,0.28,1,Success,
56,4,4,4,2026-09-30,156.45,0.28,1,Success,
57,5,5,5,2025-12-24,220.18,0.28,1,Success,
58,5,5,5,2026-01-24,220.18,0.28,1,Success,
59,5,5,5,2026-02-24,220.18,0.28,1,Success,
60,5,5,5,2026-03-24,220.18,0.28,1,Success,
61,5,5,5,2026-04-24,220.18,0.28,1,Success,
62,5,5,5,2026-05-24,220.18,0.28,1,Success,
63,5,5,5,2026-06-24,220.18,0.28,1,Success,
64,5,5,5,2026-07-24,220.18,0.28,1,Success,
65,5,5,5,2026-08-24,220.18,0.28,1,Success,
66,5,5,5,2026-09-24,220.18,0.28,1,Success,
67,6,6,6,2025-02-02,1980.55,0.28,1,Success,
68,6,6,6,2026-02-02,1980.55,0.28,1,Success,
69,7,7,7,2024-10-01,155.78,0.28,1,Success,
70,7,7,7,2024-11-01,155.78,0.28,1,Success,
71,7,7,7,2024-12-01,155.78,0.28,1,Success,
72,7,7,7,2025-01-01,155.78,0.28,1,Success,
73,7,7,7,2025-02-01,155.78,0.28,1,Success,
74,7,7,7,2025-03-01,155.78,0.28,1,Success,
75,7,7,7,2025-04-01,155.78,0.28,1,Success,
76,7,7,7,2025-05-01,155.78,0.28,1,Success,
77,7,7,7,2025-06-01,155.78,0.28,1,Success,
78,7,7,7,2025-07-01,155.78,0.28,1,Success,
79,7,7,7,2025-08-01,155.78,0.28,1,Success,
80,7,7,7,2025-09-01,155.78,0.28,1,Success,
81,7,7,7,2025-10-01,155.78,0.28,1,Success,
82,7,7,7,2025-11-01,155.78,0.28,1,Success,
83,7,7,7,2025-12-01,155.78,2.95,1,Failed,5.0
84,7,7,7,2025-12-02,155.78,2.95,2,Failed,5.0
85,7,7,7,2025-12-03,155.78,2.95,3,Failed,5.0
86,7,7,7,2026-01-01,155.78,0.28,1,Success,
87,7,7,7,2026-02-01,155.78,0.28,1,Success,
88,7,7,7,2026-03-01,155.78,0.28,1,Success,
89,7,7,7,2026-04-01,155.78,0.28,1,Success,
90,7,7,7,2026-05-01,155.78,0.28,1,Success,
91,7,7,7,2026-06-01,155.78,2.95,1,Failed,3.0
92,7,7,7,2026-06-02,155.78,0.28,2,Success,
93,7,7,7,2026-07-01,155.78,0.28,1,Success,
94,7,7,7,2026-08-01,155.78,0.28,1,Success,
95,7,7,7,2026-09-01,155.78,0.28,1,Success,
96,8,8,8,2025-09-13,135.2,0.28,1,Success,
97,8,8,8,2025-10-13,135.2,0.28,1,Success,
98,8,8,8,2025-11-13,135.2,0.28,1,Success,
99,8,8,8,2025-12-13,135.2,0.28,1,Success,
100,8,8,8,2026-01-13,135.2,0.28,1,Success,
101,8,8,8,2026-02-13,135.2,0.28,1,Success,
102,8,8,8,2026-03-13,135.2,0.28,1,Success,
103,8,8,8,2026-04-13,135.2,0.28,1,Success,
104,8,8,8,2026-05-13,135.2,0.28,1,Success,
105,8,8,8,2026-06-13,135.2,0.28,1,Success,
106,8,8,8,2026-07-13,135.2,0.28,1,Success,
107,8,8,8,2026-08-13,135.2,0.28,1,Success,
108,8,8,8,2026-09-13,135.2,0.28,1,Success,
109,9,9,9,2024-10-29,100.22,0.28,1,Success,
110,9,9,9,2024-11-29,100.22,0.28,1,Success,
111,9,9,9,2024-12-29,100.22,0.28,1,Success,
112,9,9,9,2025-01-29,100.22,0.28,1,Success,
113,9,9,9,2025-02-28,100.22,0.28,1,Success,
114,9,9,9,2025-03-28,100.22,0.28,1,Success,
115,9,9,9,2025-04-28,100.22,0.28,1,Success,
116,9,9,9,2025-05-28,100.22,0.28,1,Success,
117,9,9,9,2025-06-28,100.22,0.28,1,Success,
118,9,9,9,2025-07-28,100.22,0.28,1,Success,
119,9,9,9,2025-08-28,100.22,0.28,1,Success,
120,9,9,9,2025-09-28,100.22,0.28,1,Success,
121,9,9,9,2025-10-28,100.22,0.28,1,Success,
122,9,9,9,2025-11-28,100.22,0.28,1,Success,
123,9,9,9,2025-12-28,100.22,0.28,1,Success,
124,9,9,9,2026-01-28,100.22,0.28,1,Success,
125,9,9,9,2026-02-28,100.22,0.28,1,Success,
126,9,9,9,2026-03-28,100.22,0.28,1,Success,
127,10,10,10,2024-12-11,257.69,0.28,1,Success,
128,10,10,10,2025-01-11,257.69,0.28,1,Success,
129,10,10,10,2025-02-11,257.69,0.28,1,Success,
130,10,10,10,2025-03-11,257.69,0.28,1,Success,
131,10,10,10,2025-04-11,257.69,0.28,1,Success,
132,10,10,10,2025-05-11,257.69,0.28,1,Success,
133,10,10,10,2025-06-11,257.69,0.28,1,Success,
134,10,10,10,2025-07-11,257.69,0.28,1,Success,
135,10,10,10,2025-08-11,257.69,0.28,1,Success,
136,10,10,10,2025-09-11,257.69,0.28,1,Success,
137,10,10,10,2025-10-11,257.69,0.28,1,Success,
138,10,10,10,2025-11-11,257.69,0.28,1,Success,
139,10,10,10,2025-12-11,257.69,0.28,1,Success,
140,10,10,10,2026-01-11,257.69,0.28,1,Success,
141,10,10,10,2026-02-11,257.69,0.28,1,Success,
142,10,10,10,2026-03-11,257.69,0.28,1,Success,
143,10,10,10,2026-04-11,257.69,0.28,1,Success,
144,10,10,10,2026-05-11,257.69,0.28,1,Success,
145,10,10,10,2026-06-11,257.69,0.28,1,Success,
146,10,10,10,2026-07-11,257.69,0.28,1,Success,
147,10,10,10,2026-08-11,257.69,0.28,1,Success,
148,10,10,10,2026-09-11,257.69,0.28,1,Success,
149,11,11,11,2024-10-21,100.21,0.28,1,Success,
150,11,11,11,2024-11-21,100.21,0.28,1,Success,
151,11,11,11,2024-12-21,100.21,0.28,1,Success,
152,11,11,11,2025-01-21,100.21,0.28,1,Success,
153,11,11,11,2025-02-21,100.21,0.28,1,Success,
154,11,11,11,2025-03-21,100.21,0.28,1,Success,
155,11,11,11,2025-04-21,100.21,0.28,1,Success,
156,11,11,11,2025-05-21,100.21,0.28,1,Success,
157,11,11,11,2025-06-21,100.21,0.28,1,Success,
158,11,11,11,2025-07-21,100.21,0.28,1,Success,
159,11,11,11,2025-08-21,100.21,0.28,1,Success,
160,11,11,11,2025-09-21,100.21,0.28,1,Success,
161,11,11,11,2025-10-21,100.21,0.28,1,Success,
162,11,11,11,2025-11-21,100.21,0.28,1,Success,
163,11,11,11,2025-12-21,100.21,0.28,1,Success,
164,11,11,11,2026-01-21,100.21,0.28,1,Success,
165,11,11,11,2026-02-21,100.21,0.28,1,Success,
166,11,11,11,2026-03-21,100.21,0.28,1,Success,
167,11,11,11,2026-04-21,100.21,0.28,1,Success,
168,11,11,11,2026-05-21,100.21,0.28,1,Success,
169,11,11,11,2026-06-21,100.21,0.28,1,Success,
170,11,11,11,2026-07-21,100.21,0.28,1,Success,
171,11,11,11,2026-08-21,100.21,0.28,1,Success,
172,11,11,11,2026-09-21,100.21,0.28,1,Success,
173,12,12,12,2024-10-02,169.79,0.28,1,Success,
174,12,12,12,2024-11-02,169.79,0.28,1,Success,
175,12,12,12,2024-12-02,169.79,0.28,1,Success,
176,12,12,12,2025-01-02,169.79,0.28,1,Success,
177,12,12,12,2025-02-02,169.79,0.28,1,Success,
178,12,12,12,2025-03-02,169.79,0.28,1,Success,
179,12,12,12,2025-04-02,169.79,0.28,1,Success,
180,12,12,12,2025-05-02,169.79,0.28,1,Success,
181,12,12,12,2025-06-02,169.79,0.28,1,Success,
182,12,12,12,2025-07-02,169.79,0.28,1,Success,
183,12,12,12,2025-08-02,169.79,0.28,1,Success,
184,12,12,12,2025-09-02,169.79,0.28,1,Success,
185,12,12,12,2025-10-02,169.79,0.28,1,Success,
186,12,12,12,2025-11-02,169.79,0.28,1,Success,
187,12,12,12,2025-12-02,169.79,0.28,1,Success,
188,12,12,12,2026-01-02,169.79,0.28,1,Success,
189,12,12,12,2026-02-02,169.79,0.28,1,Success,
190,12,12,12,2026-03-02,169.79,0.28,1,Success,
191,12,12,12,2026-04-02,169.79,0.28,1,Success,
192,12,12,12,2026-05-02,169.79,0.28,1,Success,
193,12,12,12,2026-06-02,169.79,0.28,1,Success,
194,12,12,12,2026-07-02,169.79,0.28,1,Success,
195,12,12,12,2026-08-02,169.79,0.28,1,Success,
196,12,12,12,2026-09-02,169.79,0.28,1,Success,
197,13,13,13,2025-02-14,945.45,0.28,1,Success,
198,14,14,14,2026-07-05,139.92,0.28,1,Success,
199,14,14,14,2026-08-05,139.92,0.28,1,Success,
200,14,14,14,2026-09-05,139.92,0.28,1,Success,
