policy_id,customer_id,method_id,end_date,end_type,end_reason,final_decline_id
9,9,9,2026-03-28,Cancelled,Customer request,
13,13,13,2025-02-14,Cancelled,Customer request,
16,16,16,2025-07-30,Lapsed,Payment failure,2.0
24,24,24,2025-05-24,Cancelled,Customer request,
26,26,26,2024-12-17,Cancelled,Customer request,
29,29,29,2026-05-24,Lapsed,Payment failure,1.0
32,32,32,2026-01-16,Cancelled,Customer request,
33,33,33,2026-05-15,Lapsed,Payment failure,7.0
42,42,42,2025-09-30,Lapsed,Payment failure,5.0
52,52,52,2025-08-10,Lapsed,Payment failure,8.0
57,57,57,2025-08-23,Lapsed,Payment failure,3.0
58,58,58,2025-03-26,Lapsed,Payment failure,6.0
61,61,61,2025-04-24,Cancelled,Customer request,
67,67,67,2026-05-13,Cancelled,Customer request,
70,70,70,2026-01-16,Cancelled,Customer request,
74,74,74,2025-06-15,Cancelled,Customer request,
86,86,86,2026-01-18,Cancelled,Customer request,
92,92,92,2024-12-22,Cancelled,Customer request,
93,93,93,2026-03-23,Lapsed,Payment failure,5.0
105,105,105,2025-02-13,Lapsed,Payment failure,5.0
108,108,108,2025-03-04,Lapsed,Payment failure,5.0
115,115,115,2026-03-11,Cancelled,Customer request,
118,118,118,2026-03-02,Lapsed,Payment failure,5.0
120,120,120,2025-10-26,Lapsed,Payment failure,1.0
121,121,121,2026-08-27,Lapsed,Payment failure,5.0
122,122,122,2026-03-26,Lapsed,Payment failure,4.0
124,124,124,2026-02-20,Cancelled,Customer request,
126,126,126,2025-05-28,Cancelled,Customer request,
136,136,136,2025-09-11,Lapsed,Payment failure,1.0
138,138,138,2025-04-16,Cancelled,Customer request,
139,139,139,2026-01-22,Lapsed,Payment failure,1.0
144,144,144,2026-03-09,Cancelled,Customer request,
146,146,146,2026-02-15,Cancelled,Customer request,
150,150,150,2025-11-03,Cancelled,Customer request,
154,154,154,2026-01-09,Lapsed,Payment failure,5.0
155,155,155,2025-08-28,Cancelled,Customer request,
156,156,156,2025-10-21,Cancelled,Customer request,
159,159,159,2024-12-13,Lapsed,Payment failure,2.0
171,171,171,2026-06-28,Lapsed,Payment failure,5.0
173,173,173,2025-11-28,Lapsed,Payment failure,8.0
177,177,177,2025-07-28,Cancelled,Customer request,
186,186,186,2025-01-01,Lapsed,Payment failure,1.0
187,187,187,2026-07-14,Lapsed,Payment failure,2.0
188,188,188,2025-07-23,Lapsed,Payment failure,1.0
196,196,196,2025-11-17,Lapsed,Payment failure,5.0
197,197,197,2024-10-28,Cancelled,Customer request,
199,199,199,2026-09-18,Lapsed,Payment failure,1.0
207,207,207,2026-02-17,Lapsed,Payment failure,3.0
209,209,209,2025-07-22,Cancelled,Customer request,
216,216,216,2024-12-12,Lapsed,Payment failure,1.0
226,226,226,2026-09-22,Cancelled,Customer request,
228,228,228,2026-04-30,Lapsed,Payment failure,6.0
233,233,233,2025-02-09,Lapsed,Payment failure,5.0
234,234,234,2026-06-21,Cancelled,Customer request,
236,236,236,2025-08-02,Cancelled,Customer request,
238,238,238,2026-07-22,Cancelled,Customer request,
239,239,239,2025-10-10,Cancelled,Customer request,
242,242,242,2026-07-24,Lapsed,Payment failure,5.0
245,245,245,2024-10-21,Cancelled,Customer request,
266,266,266,2025-01-28,Cancelled,Customer request,
272,272,272,2026-08-03,Cancelled,Customer request,
282,282,282,2025-07-12,Cancelled,Customer request,
286,286,286,2025-02-09,Cancelled,Customer request,
287,287,287,2026-08-09,Cancelled,Customer request,
288,288,288,2025-05-06,Cancelled,Customer request,
289,289,289,2025-10-23,Lapsed,Payment failure,5.0
301,301,301,2024-12-23,Cancelled,Customer request,
305,305,305,2026-04-10,Lapsed,Payment failure,1.0
319,319,319,2026-08-18,Lapsed,Payment failure,7.0
325,325,325,2026-03-02,Cancelled,Customer request,
326,326,326,2025-02-06,Cancelled,Customer request,
328,328,328,2026-03-10,Cancelled,Customer request,
331,331,331,2026-04-10,Lapsed,Payment failure,1.0
335,335,335,2025-12-08,Cancelled,Customer request,
337,337,337,2025-07-20,Lapsed,Payment failure,1.0
338,338,338,2025-08-08,Lapsed,Payment failure,5.0
339,339,339,2026-04-09,Cancelled,Customer request,
351,351,351,2026-06-24,Lapsed,Payment failure,1.0
356,356,356,2026-05-28,Cancelled,Customer request,
360,360,360,2026-03-25,Lapsed,Payment failure,5.0
364,364,364,2026-01-14,Lapsed,Payment failure,1.0
369,369,369,2025-08-29,Cancelled,Customer request,
372,372,372,2025-05-06,Cancelled,Customer request,
375,375,375,2026-06-10,Lapsed,Payment failure,5.0
377,377,377,2026-07-20,Lapsed,Payment failure,5.0
378,378,378,2025-10-12,Cancelled,Customer request,
381,381,381,2024-11-30,Lapsed,Payment failure,7.0
389,389,389,2026-08-05,Cancelled,Customer request,
398,398,398,2025-02-10,Cancelled,Customer request,
402,402,402,2026-04-01,Cancelled,Customer request,
403,403,403,2024-12-04,Cancelled,Customer request,
406,406,406,2024-12-28,Lapsed,Payment failure,6.0
408,408,408,2026-06-07,Lapsed,Payment failure,5.0
409,409,409,2024-11-06,Lapsed,Payment failure,6.0
419,419,419,2026-04-12,Lapsed,Payment failure,1.0
427,427,427,2026-07-09,Lapsed,Payment failure,5.0
430,430,430,2025-10-28,Cancelled,Customer request,
432,432,432,2025-04-28,Cancelled,Customer request,
437,437,437,2024-12-12,Cancelled,Customer request,
445,445,445,2024-12-20,Lapsed,Payment failure,2.0
450,450,450,2026-07-30,Lapsed,Payment failure,5.0
454,454,454,2026-08-25,Cancelled,Customer request,
455,455,455,2026-08-02,Lapsed,Payment failure,5.0
462,462,462,2025-09-06,Lapsed,Payment failure,1.0
468,468,468,2026-06-19,Lapsed,Payment failure,1.0
471,471,471,2025-02-14,Cancelled,Customer request,
476,476,476,2024-11-09,Cancelled,Customer request,
477,477,477,2025-03-02,Cancelled,Customer request,
493,493,493,2026-09-08,Cancelled,Customer request,
496,496,496,2025-11-14,Cancelled,Customer request,
500,500,500,2025-08-11,Cancelled,Customer request,
501,501,501,2025-01-24,Lapsed,Payment failure,1.0
503,503,503,2026-07-17,Lapsed,Payment failure,6.0
509,509,509,2026-05-17,Cancelled,Customer request,
513,513,513,2026-03-15,Lapsed,Payment failure,2.0
524,524,524,2026-01-24,Lapsed,Payment failure,5.0
528,528,528,2025-09-18,Cancelled,Customer request,
534,534,534,2026-04-19,Lapsed,Payment failure,5.0
536,536,536,2026-08-26,Lapsed,Payment failure,5.0
537,537,537,2025-08-28,Cancelled,Customer request,
538,538,538,2025-11-01,Lapsed,Payment failure,1.0
539,539,539,2026-06-30,Lapsed,Payment failure,5.0
540,540,540,2025-04-17,Cancelled,Customer request,
546,546,546,2025-12-05,Lapsed,Payment failure,6.0
554,554,554,2024-12-26,Cancelled,Customer request,
555,555,555,2025-10-21,Cancelled,Customer request,
572,572,572,2025-12-10,Lapsed,Payment failure,5.0
581,581,581,2025-09-20,Lapsed,Payment failure,5.0
587,587,587,2026-07-28,Cancelled,Customer request,
600,600,600,2026-09-01,Lapsed,Payment failure,5.0
610,610,610,2024-10-20,Lapsed,Payment failure,7.0
611,611,611,2026-02-24,Cancelled,Customer request,
615,615,615,2025-01-26,Cancelled,Customer request,
618,618,618,2025-06-30,Lapsed,Payment failure,1.0
620,620,620,2026-01-28,Lapsed,Payment failure,5.0
621,621,621,2025-10-14,Cancelled,Customer request,
624,624,624,2026-04-17,Cancelled,Customer request,
633,633,633,2026-02-03,Lapsed,Payment failure,5.0
643,643,643,2025-01-22,Cancelled,Customer request,
645,645,645,2026-08-14,Lapsed,Payment failure,5.0
648,648,648,2025-05-03,Lapsed,Payment failure,8.0
652,652,652,2025-06-30,Lapsed,Payment failure,1.0
654,654,654,2026-06-10,Lapsed,Payment failure,5.0
661,661,661,2026-08-12,Cancelled,Customer request,
672,672,672,2025-11-15,Lapsed,Payment failure,5.0
680,680,680,2024-11-07,Cancelled,Customer request,
685,685,685,2025-08-15,Lapsed,Payment failure,8.0
695,695,695,2026-02-28,Cancelled,Customer request,
697,697,697,2026-07-07,Lapsed,Payment failure,5.0
703,703,703,2025-10-21,Lapsed,Payment failure,2.0
712,712,712,2026-03-06,Lapsed,Payment failure,5.0
721,721,721,2026-05-28,Cancelled,Customer request,
723,723,723,2025-08-15,Cancelled,Customer request,
730,730,730,2026-03-08,Lapsed,Payment failure,5.0
739,739,739,2026-07-09,Lapsed,Payment failure,1.0
759,759,759,2026-09-21,Cancelled,Customer request,
765,765,765,2024-10-19,Lapsed,Payment failure,1.0
766,766,766,2025-10-18,Lapsed,Payment failure,4.0
768,768,768,2026-07-27,Lapsed,Payment failure,2.0
776,776,776,2025-11-23,Cancelled,Customer request,
777,777,777,2026-01-05,Cancelled,Customer request,
788,788,788,2025-01-30,Cancelled,Customer request,
790,790,790,2026-04-20,Lapsed,Payment failure,1.0
793,793,793,2025-01-18,Cancelled,Customer request,
794,794,794,2026-09-15,Lapsed,Payment failure,1.0
801,801,801,2026-02-08,Cancelled,Customer request,
814,814,814,2025-12-25,Cancelled,Customer request,
816,816,816,2026-09-07,Cancelled,Customer request,
819,819,819,2025-11-06,Lapsed,Payment failure,1.0
822,822,822,2026-04-26,Cancelled,Customer request,
823,823,823,2026-06-28,Cancelled,Customer request,
824,824,824,2025-04-20,Cancelled,Customer request,
834,834,834,2026-03-06,Lapsed,Payment failure,5.0
836,836,836,2024-10-11,Lapsed,Payment failure,4.0
845,845,845,2025-08-03,Cancelled,Customer request,
861,861,861,2026-02-15,Lapsed,Payment failure,5.0
865,865,865,2026-06-06,Lapsed,Payment failure,5.0
867,867,867,2025-10-10,Cancelled,Customer request,
868,868,868,2025-09-13,Lapsed,Payment failure,5.0
875,875,875,2026-02-25,Cancelled,Customer request,
881,881,881,2026-05-21,Cancelled,Customer request,
885,885,885,2025-03-29,Cancelled,Customer request,
886,886,886,2026-07-04,Cancelled,Customer request,
890,890,890,2026-06-12,Lapsed,Payment failure,5.0
891,891,891,2026-05-01,Cancelled,Customer request,
892,892,892,2026-08-23,Cancelled,Customer request,
897,897,897,2025-04-16,Cancelled,Customer request,
898,898,898,2026-06-13,Lapsed,Payment failure,5.0
899,899,899,2025-10-21,Lapsed,Payment failure,1.0
907,907,907,2026-05-19,Lapsed,Payment failure,7.0
912,912,912,2025-11-14,Cancelled,Customer request,
922,922,922,2026-07-12,Lapsed,Payment failure,2.0
925,925,925,2025-03-25,Cancelled,Customer request,
927,927,927,2026-05-19,Lapsed,Payment failure,1.0
929,929,929,2026-05-05,Cancelled,Customer request,
937,937,937,2026-07-16,Lapsed,Payment failure,5.0
939,939,939,2024-11-25,Lapsed,Payment failure,3.0
942,942,942,2026-09-16,Cancelled,Customer request,
948,948,948,2024-12-03,Cancelled,Customer request,
952,952,952,2026-01-10,Cancelled,Customer request,
